vendor,re-capitalized
Performance Food Group,Performance Food Group
GREAT EASTERN SEAFOOD,Great Eastern Seafood
Sun Coffee Roasters,Sun Coffee Roasters
High Lawn Farms,High Lawn Farms
MISTY KNOLL FARM,Misty Knoll Farm
Fatboy Foods,Fatboy Foods
PLAINVILLE FARM,Plainville Farm
Jekanowski Farm,Jekanowski Farm
Pine Hill Orchards,Pine Hill Orchards
LITTLE LEAF FARMS,Little Leaf Farms
Hager's Farm Market,Hager'S Farm Market
Smiarowski Farm,Smiarowski Farm
Hosta Hill,Hosta Hill
MAPLE LEAF FARMS INC,Maple Leaf Farms Inc
Appalachian Naturals,Appalachian Naturals
BLUE HARVEST FOODS LLC,Blue Harvest Foods Llc
Twin Oaks,Twin Oaks
Klein's Kill Fruit Farm,Klein'S Kill Fruit Farm
Garuka Bars,Garuka Bars
VERMONT SOY,Vermont Soy
Katalyst Kombucha,Katalyst Kombucha
Joe Czajkowski Farm LLC,Joe Czajkowski Farm Llc
Real Pickles,Real Pickles
Queen's Greens,Queen'S Greens
Cream of the Crop Farm,Cream Of The Crop Farm
Mi Tierra Tortillas,Mi Tierra Tortillas
YONDER FRUIT FARMS INC,Yonder Fruit Farms Inc
Mycoterra Farm,Mycoterra Farm
Dutton Berry Farm,Dutton Berry Farm
Bardwell Farm,Bardwell Farm
Hall Poultry (Esbenshade Farm & Martin's Quality Eggs)PA,Hall Poultry (Esbenshade Farm & Martin'S Quality Eggs)Pa
Hawthorne Valley Farm,Hawthorne Valley Farm
Maine Grains,Maine Grains
Harvest Farm of Whately,Harvest Farm Of Whately
South River Miso Company,South River Miso Company
Warner Farm,Warner Farm
Stepanik Farm,Stepanik Farm
Warm Colors Apiary,Warm Colors Apiary
Berkshire Bark,Berkshire Bark
GRAFTON VILLAGE CHEESE,Grafton Village Cheese
MAPLEBROOK FARM,Maplebrook Farm
Five College Farms,Five College Farms
Fat Apple Farm,Fat Apple Farm
Old Friends Farm,Old Friends Farm
Next Barn Over Farm,Next Barn Over Farm
Ioka Valley Farm,Ioka Valley Farm
Nourse Farms,Nourse Farms
Atlas Farm,Atlas Farm
Riverland Farm,Riverland Farm
Kitchen Garden Farm,Kitchen Garden Farm
Just Hummus,Just Hummus
JM GROSS BROKERAGE C,Jm Gross Brokerage C
Valley Veggies,Valley Veggies
Winter Moon Roots,Winter Moon Roots
MX Morningstar Farm,Mx Morningstar Farm
Szawlowski Potato Farms,Szawlowski Potato Farms
Samara,Samara
Packer Label,Packer Label
Markristo Farm,Markristo Farm